{"accuracy": [0.51171875, 0.703125, 0.76171875, 0.81640625, 0.80859375, 0.87109375, 0.8828125, 0.9140625, 0.94140625, 0.953125, 0.96875, 0.953125, 0.95703125, 0.9609375, 0.96875, 0.984375, 0.96875, 0.96484375, 0.9921875, 0.984375, 0.99609375, 0.98828125, 0.99609375, 0.98046875, 0.9921875, 0.99609375, 0.98828125, 0.984375, 0.99609375, 0.9921875, 0.99609375, 0.99609375, 0.9921875, 0.98828125, 0.99609375, 0.99609375, 1.0, 0.9921875, 0.9921875, 1.0], "loss": [1.1226766109466553, 0.6155411601066589, 0.5521239042282104, 0.44071343541145325, 0.3872275650501251, 0.3289179801940918, 0.30519017577171326, 0.26697033643722534, 0.20266956090927124, 0.19002921879291534, 0.16309557855129242, 0.1754930466413498, 0.14491569995880127, 0.12712401151657104, 0.10224736481904984, 0.08796592056751251, 0.11061679571866989, 0.08749103546142578, 0.07144690304994583, 0.06608717888593674, 0.04525931924581528, 0.06979572027921677, 0.04228571057319641, 0.04918263852596283, 0.03477600961923599, 0.03272011876106262, 0.041207097470760345, 0.04582574591040611, 0.022667240351438522, 0.023799370974302292, 0.02748783677816391, 0.02181762456893921, 0.017954805865883827, 0.03573112562298775, 0.04153648018836975, 0.02264140360057354, 0.017527127638459206, 0.03741956129670143, 0.02687658928334713, 0.016441278159618378], "val_accuracy": [0.65625, 0.671875, 0.71875, 0.71875, 0.734375, 0.75, 0.78125, 0.78125, 0.8125, 0.796875, 0.796875, 0.8125, 0.796875, 0.796875, 0.796875, 0.8125, 0.84375, 0.84375, 0.84375, 0.828125, 0.828125, 0.828125, 0.828125, 0.828125, 0.828125, 0.8125, 0.8125, 0.8125, 0.828125, 0.828125, 0.828125, 0.828125, 0.828125, 0.84375, 0.859375, 0.84375, 0.84375, 0.84375, 0.828125, 0.828125], "val_loss": [0.9280483722686768, 0.8674881458282471, 0.8102222681045532, 0.7669169902801514, 0.727149248123169, 0.6954050064086914, 0.6645752191543579, 0.6362742781639099, 0.6037752628326416, 0.5770291090011597, 0.5527970790863037, 0.5381350517272949, 0.5242171883583069, 0.5151693820953369, 0.5010427236557007, 0.48492467403411865, 0.4651959538459778, 0.455655038356781, 0.45168405771255493, 0.4500589370727539, 0.4558384418487549, 0.4620878994464874, 0.4781549572944641, 0.49113407731056213, 0.5000391006469727, 0.5109647512435913, 0.5260356664657593, 0.5459988713264465, 0.5657885074615479, 0.5820842385292053, 0.6010233163833618, 0.6258224844932556, 0.644301176071167, 0.6644570827484131, 0.6882925629615784, 0.7103476524353027, 0.7310426831245422, 0.7558484077453613, 0.7807824015617371, 0.8038551807403564]}